{"cameraMode":{"drawMode":0,"name":"Shaded","section":"Shading Mode"},"sceneLighting":true,"audioPlay":false,"sceneViewState":{"m_AlwaysRefresh":false,"showFog":true,"showSkybox":true,"showFlares":true,"showImageEffects":true,"showParticleSystems":true,"showVisualEffectGraphs":true,"m_FxEnabled":true},"in2DMode":false,"pivot":{"x":0.14432525634765626,"y":2.9035253524780275,"z":19.159900665283204},"rotation":{"x":0.02577957697212696,"y":-0.04615837708115578,"z":0.001189317204989493,"w":0.9986140727996826},"size":4.65364933013916,"orthographic":false}